pair_name,RMSD
bcl2,3.09035524931318
c1lpt1,2.339072955215477
c1lpt2,5.540621137077892
c4bp,2.116641113470478
ccr1,3.3488293910261437
ccr2,3.2666898305284437
cd47,6.301486913067625
chemokine,4.822309740020478
eif2a,3.8400465131636494
helicase,4.0052848349622145
ifngr,4.554981842311727
il10,3.6560784747269413
il18bp,5.5329246695428145
kinase,5.071723080286157
lfg4,3.3878758941163065
nsp16,4.566909073202589
nsp5,4.245430533471596
